,url,title,plot
5,https://en.wikipedia.org/wiki/Assault_on_Precinct_13_(2005_film),Assault on Precinct 13 (2005 film),
16,https://en.wikipedia.org/wiki/Lackawanna_Blues_(film),Lackawanna Blues (film),
22,https://en.wikipedia.org/wiki/Man_of_the_House_(2005_film),Man of the House (2005 film),
36,https://en.wikipedia.org/wiki/Sin_City_(film),Sin City (film),
41,https://en.wikipedia.org/wiki/State_Property_2,State Property 2,
44,https://en.wikipedia.org/wiki/The_Interpreter_(2005_film),The Interpreter (2005 film),
56,https://en.wikipedia.org/wiki/Mad_Hot_Ballroom,Mad Hot Ballroom,
69,https://en.wikipedia.org/wiki/The_Adventures_of_Sharkboy_and_Lavagirl_in_3-D,The Adventures of Sharkboy and Lavagirl in 3-D,
84,https://en.wikipedia.org/wiki/Life_Is_Ruff,Life Is Ruff,
90,https://en.wikipedia.org/wiki/March_of_the_Penguins,March of the Penguins,
101,https://en.wikipedia.org/wiki/Supercross_(film),Supercross (film),
108,https://en.wikipedia.org/wiki/Undiscovered,Undiscovered,
121,https://en.wikipedia.org/wiki/Venom_(2005_film),Venom (2005 film),
158,https://en.wikipedia.org/wiki/Fuck_(film),Fuck (film),
183,https://en.wikipedia.org/wiki/Munich_(2005_film),Munich (2005 film),
188,https://en.wikipedia.org/wiki/The_New_World_(2005_film),The New World (2005 film),
213,https://en.wikipedia.org/wiki/Eight_Below,Eight Below,
219,https://en.wikipedia.org/wiki/Dave_Chappelle%27s_Block_Party,Dave Chappelle's Block Party,
229,https://en.wikipedia.org/wiki/The_Secret_(2006_film),The Secret (2006 film),
231,https://en.wikipedia.org/wiki/Unidentified_(2006_film),Unidentified (2006 film),
239,https://en.wikipedia.org/wiki/Phat_Girlz,Phat Girlz,
253,https://en.wikipedia.org/wiki/Just_My_Luck_(2006_film),Just My Luck (2006 film),
297,https://en.wikipedia.org/wiki/Idlewild_(film),Idlewild (film),
312,https://en.wikipedia.org/wiki/Jackass_Number_Two,Jackass Number Two,
331,https://en.wikipedia.org/wiki/Dirty_Sanchez_(TV_series)#Dirty_Sanchez:_The_Movie,Dirty Sanchez (TV series),
342,https://en.wikipedia.org/wiki/Bobby_(2006_film),Bobby (2006 film),
350,https://en.wikipedia.org/wiki/The_Fountain,The Fountain,
362,https://en.wikipedia.org/wiki/Eragon_(film),Eragon (film),
376,https://en.wikipedia.org/wiki/Code_Name:_The_Cleaner,Code Name: The Cleaner,
379,https://en.wikipedia.org/wiki/Three_(2006_film),Three (2006 film),
396,https://en.wikipedia.org/wiki/Daddy%27s_Little_Girls,Daddy's Little Girls,
413,https://en.wikipedia.org/wiki/1_More_Hit,1 More Hit,
429,https://en.wikipedia.org/wiki/Grindhouse_(film),Grindhouse (film),
431,https://en.wikipedia.org/wiki/The_TV_Set,The TV Set,
442,https://en.wikipedia.org/wiki/In_the_Land_of_Women,In the Land of Women,
447,https://en.wikipedia.org/wiki/Jindabyne_(film),Jindabyne (film),
448,https://en.wikipedia.org/wiki/Kickin%27_It_Old_Skool,Kickin' It Old Skool,
459,https://en.wikipedia.org/wiki/ShowBusiness:_The_Road_to_Broadway,ShowBusiness: The Road to Broadway,
469,https://en.wikipedia.org/wiki/Day_Watch_(film),Day Watch (film),
473,https://en.wikipedia.org/wiki/Pierrepoint_(film),Pierrepoint (film),
490,https://en.wikipedia.org/wiki/Sicko,Sicko,
505,https://en.wikipedia.org/wiki/Arctic_Tale,Arctic Tale,
509,https://en.wikipedia.org/wiki/Who%27s_Your_Caddy%3F,Who's Your Caddy?,
515,https://en.wikipedia.org/wiki/Underdog_(2007_film),Underdog (2007 film),
548,https://en.wikipedia.org/wiki/Sambar_Salsa,Sambar Salsa,
557,https://en.wikipedia.org/wiki/The_Seeker_(film),The Seeker (film),
568,https://en.wikipedia.org/wiki/The_Comebacks,The Comebacks,
586,https://en.wikipedia.org/wiki/Southland_Tales,Southland Tales,
588,https://en.wikipedia.org/wiki/Love_in_the_Time_of_Cholera_(film),Love in the Time of Cholera (film),
600,https://en.wikipedia.org/wiki/Tony_n%27_Tina%27s_Wedding#Film_adaptation,Tony n' Tina's Wedding,
606,https://en.wikipedia.org/wiki/No%C3%ABlle_(2007_film),Noëlle (2007 film),
607,https://en.wikipedia.org/wiki/Revolver_(2005_film),Revolver (2005 film),
608,https://en.wikipedia.org/wiki/The_Perfect_Holiday,The Perfect Holiday,
611,https://en.wikipedia.org/wiki/The_Kite_Runner_(film),The Kite Runner (film),
612,https://en.wikipedia.org/wiki/Youth_Without_Youth_(film),Youth Without Youth (film),
625,https://en.wikipedia.org/wiki/The_Killing_of_John_Lennon,The Killing of John Lennon,
628,https://en.wikipedia.org/wiki/The_Business_of_Being_Born,The Business of Being Born,
629,https://en.wikipedia.org/wiki/First_Sunday,First Sunday,
637,https://en.wikipedia.org/wiki/How_She_Move,How She Move,
643,https://en.wikipedia.org/wiki/Hannah_Montana_and_Miley_Cyrus:_Best_of_Both_Worlds_Concert,Hannah Montana and Miley Cyrus: Best of Both Worlds Concert,
650,https://en.wikipedia.org/wiki/Wild_West_Comedy_Show:_30_Days_and_30_Nights_%E2%80%93_Hollywood_to_the_Heartland,Wild West Comedy Show: 30 Days and 30 Nights – Hollywood to the Heartland,
652,https://en.wikipedia.org/wiki/Sita_Sings_the_Blues,Sita Sings the Blues,
661,https://en.wikipedia.org/wiki/U2_3D,U2 3D,
666,https://en.wikipedia.org/wiki/City_of_Men_(film),City of Men (film),
677,https://en.wikipedia.org/wiki/Doomsday_(2008_film),Doomsday (2008 film),
694,https://en.wikipedia.org/wiki/Meet_Bill,Meet Bill,
698,https://en.wikipedia.org/wiki/Shine_a_Light_(film),Shine a Light (film),
706,https://en.wikipedia.org/wiki/Expelled:_No_Intelligence_Allowed,Expelled: No Intelligence Allowed,
710,https://en.wikipedia.org/wiki/Where_in_the_World_Is_Osama_bin_Laden%3F,Where in the World Is Osama bin Laden?,
711,https://en.wikipedia.org/wiki/Young@Heart_(film),Young@Heart (film),
729,https://en.wikipedia.org/wiki/How_the_Garcia_Girls_Spent_Their_Summer,How the Garcia Girls Spent Their Summer,
730,https://en.wikipedia.org/wiki/The_Flock_(film),The Flock (film),
742,https://en.wikipedia.org/wiki/You_Don%27t_Mess_with_the_Zohan,You Don't Mess with the Zohan,
743,https://en.wikipedia.org/wiki/The_Children_of_Huang_Shi,The Children of Huang Shi,
750,https://en.wikipedia.org/wiki/The_Love_Guru,The Love Guru,
757,https://en.wikipedia.org/wiki/Garden_Party_(2008_film),Garden Party (2008 film),
761,https://en.wikipedia.org/wiki/The_Stone_Angel_(film),The Stone Angel (film),
791,https://en.wikipedia.org/wiki/Trouble_the_Water,Trouble the Water,
800,"https://en.wikipedia.org/wiki/Surfer,_Dude","Surfer, Dude",
803,https://en.wikipedia.org/wiki/Proud_American,Proud American,
834,https://en.wikipedia.org/wiki/The_Elephant_King,The Elephant King,
851,https://en.wikipedia.org/wiki/Zack_and_Miri_Make_a_Porno,Zack and Miri Make a Porno,
856,https://en.wikipedia.org/wiki/Soul_Men,Soul Men,
864,https://en.wikipedia.org/wiki/Four_Christmases,Four Christmases,
873,https://en.wikipedia.org/wiki/Che_(2008_film),Che (2008 film),
874,https://en.wikipedia.org/wiki/Dark_Streets_(2008_film),Dark Streets (2008 film),
879,https://en.wikipedia.org/wiki/Nothing_like_the_Holidays,Nothing like the Holidays,
900,https://en.wikipedia.org/wiki/Cherry_Blossoms_(film),Cherry Blossoms (film),
901,https://en.wikipedia.org/wiki/Hotel_for_Dogs_(film),Hotel for Dogs (film),
906,https://en.wikipedia.org/wiki/Ink_(film),Ink (film),
912,https://en.wikipedia.org/wiki/Open_Season_2,Open Season 2,
920,https://en.wikipedia.org/wiki/He%27s_Just_Not_That_Into_You_(film),He's Just Not That Into You (film),
924,https://en.wikipedia.org/wiki/The_Objective,The Objective,
925,https://en.wikipedia.org/wiki/Bob_the_Builder,Bob the Builder,
932,https://en.wikipedia.org/wiki/Anvil!_The_Story_of_Anvil,Anvil! The Story of Anvil,
934,https://en.wikipedia.org/wiki/Madea_Goes_to_Jail,Madea Goes to Jail,
936,https://en.wikipedia.org/wiki/Examined_Life,Examined Life,
938,https://en.wikipedia.org/wiki/Crossing_Over_(film),Crossing Over (film),
940,https://en.wikipedia.org/wiki/The_Girl_with_the_Dragon_Tattoo_(2009_film),The Girl with the Dragon Tattoo (2009 film),
942,https://en.wikipedia.org/wiki/Play_the_Game_(2009_film),Play the Game (2009 film),
946,https://en.wikipedia.org/wiki/Sherman%27s_Way,Sherman's Way,
947,https://en.wikipedia.org/wiki/Tokyo!,Tokyo!,
950,https://en.wikipedia.org/wiki/Brothers_at_War,Brothers at War,
951,https://en.wikipedia.org/wiki/The_Cake_Eaters,The Cake Eaters,
956,https://en.wikipedia.org/wiki/Severed_Ways,Severed Ways,
958,https://en.wikipedia.org/wiki/Valentino:_The_Last_Emperor,Valentino: The Last Emperor,
960,https://en.wikipedia.org/wiki/The_Great_Buck_Howard,The Great Buck Howard,
963,https://en.wikipedia.org/wiki/M%C3%A1ncora_(film),Máncora (film),
965,https://en.wikipedia.org/wiki/Super_Capers,Super Capers,
967,https://en.wikipedia.org/wiki/The_Cross_(2009_film),The Cross (2009 film),
968,https://en.wikipedia.org/wiki/The_Education_of_Charlie_Banks,The Education of Charlie Banks,
971,https://en.wikipedia.org/wiki/Spinning_into_Butter_(film),Spinning into Butter (film),
974,https://en.wikipedia.org/wiki/Bart_Got_a_Room,Bart Got a Room,
975,https://en.wikipedia.org/wiki/C_Me_Dance,C Me Dance,
978,https://en.wikipedia.org/wiki/Gigantic_(film),Gigantic (film),
984,https://en.wikipedia.org/wiki/Anvil!_The_Story_of_Anvil,Anvil! The Story of Anvil,
987,https://en.wikipedia.org/wiki/In_a_Dream_(film),In a Dream (film),
988,https://en.wikipedia.org/wiki/The_Mysteries_of_Pittsburgh_(film),The Mysteries of Pittsburgh (film),
993,https://en.wikipedia.org/wiki/Every_Little_Step_(film),Every Little Step (film),
997,https://en.wikipedia.org/wiki/Sleep_Dealer,Sleep Dealer,
1008,https://en.wikipedia.org/wiki/Tyson_(2008_film),Tyson (2008 film),
1011,https://en.wikipedia.org/wiki/The_Limits_of_Control,The Limits of Control,
1012,https://en.wikipedia.org/wiki/The_Merry_Gentleman,The Merry Gentleman,
1016,https://en.wikipedia.org/wiki/The_Great_Discovery,The Great Discovery,
1018,https://en.wikipedia.org/wiki/The_Garden_(2008_film),The Garden (2008 film),
1023,https://en.wikipedia.org/wiki/Outrage_(2009_film),Outrage (2009 film),
1025,https://en.wikipedia.org/wiki/Rudo_y_Cursi,Rudo y Cursi,
1029,https://en.wikipedia.org/wiki/Jerichow_(film),Jerichow (film),
1033,https://en.wikipedia.org/wiki/Make_the_Yuletide_Gay,Make the Yuletide Gay,
1038,https://en.wikipedia.org/wiki/The_Girlfriend_Experience,The Girlfriend Experience,
1041,https://en.wikipedia.org/wiki/Pressure_Cooker_(2008_film),Pressure Cooker (2008 film),
1045,https://en.wikipedia.org/wiki/Up_(2009_film),Up (2009 film),
1047,https://en.wikipedia.org/wiki/Into_the_Storm_(2009_film),Into the Storm (2009 film),
1049,https://en.wikipedia.org/wiki/After_Last_Season,After Last Season,
1057,"https://en.wikipedia.org/wiki/Food,_Inc.","Food, Inc.",
1060,https://en.wikipedia.org/wiki/Sex_Positive,Sex Positive,
1074,https://en.wikipedia.org/wiki/Ice_Age:_Dawn_of_the_Dinosaurs,Ice Age: Dawn of the Dinosaurs,
1082,https://en.wikipedia.org/wiki/Soul_Power_(film),Soul Power (film),
1083,https://en.wikipedia.org/wiki/Sesame_Street,Sesame Street,
1085,https://en.wikipedia.org/wiki/(500)_Days_of_Summer,(500) Days of Summer,
1088,https://en.wikipedia.org/wiki/Homecoming_(2009_film),Homecoming (2009 film),
1098,https://en.wikipedia.org/wiki/The_Cove_(film),The Cove (film),
1110,https://en.wikipedia.org/wiki/Earth_Days,Earth Days,
1113,https://en.wikipedia.org/wiki/It_Might_Get_Loud,It Might Get Loud,
1118,https://en.wikipedia.org/wiki/Art_%26_Copy,Art & Copy,
1126,https://en.wikipedia.org/wiki/X_Games_3D:_The_Movie,X Games 3D: The Movie,
1131,https://en.wikipedia.org/wiki/The_Open_Road,The Open Road,
1132,https://en.wikipedia.org/wiki/The_September_Issue,The September Issue,
1134,https://en.wikipedia.org/wiki/We_Live_in_Public,We Live in Public,
1136,https://en.wikipedia.org/wiki/American_Casino_(film),American Casino (film),
1143,https://en.wikipedia.org/wiki/Walt_%26_El_Grupo,Walt & El Grupo,
1145,https://en.wikipedia.org/wiki/Crude_(2009_film),Crude (2009 film),
1146,https://en.wikipedia.org/wiki/Disgrace_(2008_film),Disgrace (2008 film),
1147,https://en.wikipedia.org/wiki/I_Can_Do_Bad_All_by_Myself_(film),I Can Do Bad All by Myself (film),
1148,https://en.wikipedia.org/wiki/No_Impact_Man,No Impact Man,
1152,https://en.wikipedia.org/wiki/Mr._Nobody_(film),Mr. Nobody (film),
1159,https://en.wikipedia.org/wiki/Fuel_(film),Fuel (film),
1166,https://en.wikipedia.org/wiki/Blind_Date_(2007_film),Blind Date (2007 film),
1172,https://en.wikipedia.org/wiki/Fame_(2009_film),Fame (2009 film),
1173,https://en.wikipedia.org/wiki/I_Hope_They_Serve_Beer_in_Hell_(film),I Hope They Serve Beer in Hell (film),
1179,https://en.wikipedia.org/wiki/Capitalism:_A_Love_Story,Capitalism: A Love Story,
1185,https://en.wikipedia.org/wiki/Barney_%26_Friends,Barney & Friends,
1187,https://en.wikipedia.org/wiki/Bronson_(film),Bronson (film),
1191,https://en.wikipedia.org/wiki/Free_Style_(film),Free Style (film),
1193,https://en.wikipedia.org/wiki/Good_Hair,Good Hair,
1197,https://en.wikipedia.org/wiki/Virginia_Creepers,Virginia Creepers,
1198,https://en.wikipedia.org/wiki/Assassin%27s_Creed:_Lineage,Assassin's Creed: Lineage,
1200,https://en.wikipedia.org/wiki/Janky_Promoters,Janky Promoters,
1202,https://en.wikipedia.org/wiki/Love_the_Beast,Love the Beast,
1203,https://en.wikipedia.org/wiki/The_Maid_(2009_film),The Maid (2009 film),
1205,"https://en.wikipedia.org/wiki/New_York,_I_Love_You","New York, I Love You",
1211,https://en.wikipedia.org/wiki/Antichrist_(film),Antichrist (film),
1215,https://en.wikipedia.org/wiki/Motherhood_(2009_film),Motherhood (2009 film),
1219,https://en.wikipedia.org/wiki/The_Yes_Men_Fix_the_World,The Yes Men Fix the World,
1221,https://en.wikipedia.org/wiki/Night_of_the_Demons_(2009_film),Night of the Demons (2009 film),
1223,https://en.wikipedia.org/wiki/Michael_Jackson%27s_This_Is_It,Michael Jackson's This Is It,
1224,https://en.wikipedia.org/wiki/The_Boondock_Saints_II:_All_Saints_Day,The Boondock Saints II: All Saints Day,
1235,https://en.wikipedia.org/wiki/My_Little_Pony:_Twinkle_Wish_Adventure,My Little Pony: Twinkle Wish Adventure,
1238,https://en.wikipedia.org/wiki/Dare_(film),Dare (film),
1247,https://en.wikipedia.org/wiki/Defamation_(film),Defamation (film),
1260,https://en.wikipedia.org/wiki/Brothers_(2009_film),Brothers (2009 film),
1261,https://en.wikipedia.org/wiki/Everybody%27s_Fine_(2009_film),Everybody's Fine (2009 film),
1262,https://en.wikipedia.org/wiki/Transylmania,Transylmania,
1263,https://en.wikipedia.org/wiki/Until_the_Light_Takes_Us,Until the Light Takes Us,
1265,https://en.wikipedia.org/wiki/Curious_George:_A_Very_Monkey_Christmas,Curious George: A Very Monkey Christmas,
1272,https://en.wikipedia.org/wiki/The_Slammin%27_Salmon,The Slammin' Salmon,
1277,https://en.wikipedia.org/wiki/Fall_Down_Dead,Fall Down Dead,
1278,https://en.wikipedia.org/wiki/The_New_Daughter,The New Daughter,
1290,https://en.wikipedia.org/wiki/Phil_Ochs:_There_but_for_Fortune,Phil Ochs: There but for Fortune,
1291,https://en.wikipedia.org/wiki/Season_of_the_Witch_(2011_film),Season of the Witch (2011 film),
1292,https://en.wikipedia.org/wiki/The_Time_That_Remains,The Time That Remains,
1303,https://en.wikipedia.org/wiki/Sanctum_(film),Sanctum (film),
1306,https://en.wikipedia.org/wiki/Carbon_Nation,Carbon Nation,
1349,https://en.wikipedia.org/wiki/Madea%27s_Big_Happy_Family_(film),Madea's Big Happy Family (film),
1350,https://en.wikipedia.org/wiki/POM_Wonderful_Presents:_The_Greatest_Movie_Ever_Sold,POM Wonderful Presents: The Greatest Movie Ever Sold,
1352,https://en.wikipedia.org/wiki/Cinema_Verite_(2011_film),Cinema Verite (2011 film),
1356,https://en.wikipedia.org/wiki/Prom_(film),Prom (film),
1364,https://en.wikipedia.org/wiki/Departures_(2011_film),Departures (2011 film),
1370,https://en.wikipedia.org/wiki/The_Tree_of_Life_(film),The Tree of Life (film),
1371,https://en.wikipedia.org/wiki/Beautiful_Boy_(2010_film),Beautiful Boy (2010 film),
1375,https://en.wikipedia.org/wiki/The_Lion_of_Judah,The Lion of Judah,
1379,https://en.wikipedia.org/wiki/The_Trip_(2010_film),The Trip (2010 film),
1381,https://en.wikipedia.org/wiki/Buck_(film),Buck (film),
1387,https://en.wikipedia.org/wiki/Conan_O%27Brien_Can%27t_Stop,Conan O'Brien Can't Stop,
1392,https://en.wikipedia.org/wiki/Septien,Septien,
1394,"https://en.wikipedia.org/wiki/Beats,_Rhymes_%26_Life:_The_Travels_of_A_Tribe_Called_Quest","Beats, Rhymes & Life: The Travels of A Tribe Called Quest",
1396,https://en.wikipedia.org/wiki/Project_Nim_(film),Project Nim (film),
1416,https://en.wikipedia.org/wiki/Glee:_The_3D_Concert_Movie,Glee: The 3D Concert Movie,
1427,https://en.wikipedia.org/wiki/Seven_Days_in_Utopia,Seven Days in Utopia,
1428,https://en.wikipedia.org/wiki/Shark_Night,Shark Night,
1472,https://en.wikipedia.org/wiki/Melancholia_(2011_film),Melancholia (2011 film),
1474,https://en.wikipedia.org/wiki/Happy_Feet_Two,Happy Feet Two,
1493,https://en.wikipedia.org/wiki/The_Adventures_of_Tintin_(film),The Adventures of Tintin (film),
1507,https://en.wikipedia.org/wiki/The_Grandmaster_(film),The Grandmaster (film),
1509,https://en.wikipedia.org/wiki/Freeloaders_(film),Freeloaders (film),
1521,https://en.wikipedia.org/wiki/Happy_People:_A_Year_in_the_Taiga,Happy People: A Year in the Taiga,
1523,https://en.wikipedia.org/wiki/Knife_Fight_(film),Knife Fight (film),
1532,https://en.wikipedia.org/wiki/The_Haunting_in_Connecticut_2:_Ghosts_of_Georgia,The Haunting in Connecticut 2: Ghosts of Georgia,
1533,https://en.wikipedia.org/wiki/Sound_City_(film),Sound City (film),
1549,https://en.wikipedia.org/wiki/Kai_Po_Che!,Kai Po Che!,
1551,https://en.wikipedia.org/wiki/To_the_Wonder,To the Wonder,
1553,https://en.wikipedia.org/wiki/The_Attacks_of_26/11,The Attacks of 26/11,
1561,https://en.wikipedia.org/wiki/I%27m_So_Excited_(film),I'm So Excited (film),
1573,https://en.wikipedia.org/wiki/Phil_Spector_(film),Phil Spector (film),
1574,https://en.wikipedia.org/wiki/Trance_(2013_film),Trance (2013 film),
1580,https://en.wikipedia.org/wiki/Wrong_(film),Wrong (film),
1583,https://en.wikipedia.org/wiki/The_Brass_Teapot,The Brass Teapot,
1605,https://en.wikipedia.org/wiki/Bombay_Talkies_(film),Bombay Talkies (film),
1612,https://en.wikipedia.org/wiki/Go_Goa_Gone,Go Goa Gone,
1630,https://en.wikipedia.org/wiki/Byzantium_(film),Byzantium (film),
1639,https://en.wikipedia.org/wiki/Tiger_Eyes_(film),Tiger Eyes (film),
1650,https://en.wikipedia.org/wiki/How_to_Make_Money_Selling_Drugs,How to Make Money Selling Drugs,
1655,https://en.wikipedia.org/wiki/Some_Girl(s)_(film),Some Girl(s) (film),
1663,https://en.wikipedia.org/wiki/Stuck_in_Love_(film),Stuck in Love (film),
1666,https://en.wikipedia.org/wiki/Dealin%27_with_Idiots,Dealin' with Idiots,
1724,https://en.wikipedia.org/wiki/The_Wizard_of_Oz_(1939_film),The Wizard of Oz (1939 film),
1730,https://en.wikipedia.org/wiki/1_(2013_film),1 (2013 film),
1736,https://en.wikipedia.org/wiki/12_Years_a_Slave_(film),12 Years a Slave (film),
1738,https://en.wikipedia.org/wiki/Carrie_(2013_film),Carrie (2013 film),
1749,https://en.wikipedia.org/wiki/Last_Vegas,Last Vegas,
1750,https://en.wikipedia.org/wiki/The_Book_Thief_(film),The Book Thief (film),
1753,https://en.wikipedia.org/wiki/The_Christmas_Candle,The Christmas Candle,
1766,https://en.wikipedia.org/wiki/Crave_(film),Crave (film),
1781,https://en.wikipedia.org/wiki/Lone_Survivor,Lone Survivor,
1788,https://en.wikipedia.org/wiki/Dumbbells_(film),Dumbbells (film),
1790,https://en.wikipedia.org/wiki/Raze_(film),Raze (film),
1791,https://en.wikipedia.org/wiki/Back_in_the_Day_(2014_film),Back in the Day (2014 film),
1792,https://en.wikipedia.org/wiki/Devil%27s_Due_(film),Devil's Due (film),
1806,https://en.wikipedia.org/wiki/Nurse_3D,Nurse 3D,
1816,https://en.wikipedia.org/wiki/Endless_Love_(2014_American_film),Endless Love (2014 American film),
1817,https://en.wikipedia.org/wiki/Someone_Marry_Barry,Someone Marry Barry,
1819,https://en.wikipedia.org/wiki/Apocalypse_Pompeii,Apocalypse Pompeii,
1822,https://en.wikipedia.org/wiki/Barefoot_(2014_film),Barefoot (2014 film),
1824,https://en.wikipedia.org/wiki/Pompeii_(film),Pompeii (film),
1827,https://en.wikipedia.org/wiki/Repentance_(2014_film),Repentance (2014 film),
1843,https://en.wikipedia.org/wiki/15_to_Life:_Kenneth%27s_Story,15 to Life: Kenneth's Story,
1844,https://en.wikipedia.org/wiki/The_Ladies_of_the_House,The Ladies of the House,
1854,https://en.wikipedia.org/wiki/Authors_Anonymous,Authors Anonymous,
1867,https://en.wikipedia.org/wiki/God%27s_Pocket_(film),God's Pocket (film),
1878,https://en.wikipedia.org/wiki/A_Million_Ways_to_Die_in_the_West,A Million Ways to Die in the West,
1881,https://en.wikipedia.org/wiki/Ping_Pong_Summer,Ping Pong Summer,
1885,https://en.wikipedia.org/wiki/Lullaby_(2014_film),Lullaby (2014 film),
1886,https://en.wikipedia.org/wiki/Murder_101_(2014_film),Murder 101 (2014 film),
1891,https://en.wikipedia.org/wiki/America:_Imagine_the_World_Without_Her,America: Imagine the World Without Her,
1901,https://en.wikipedia.org/wiki/Road_to_Paloma,Road to Paloma,
1904,https://en.wikipedia.org/wiki/Persecuted_(film),Persecuted (film),
1906,https://en.wikipedia.org/wiki/The_Purge:_Anarchy,The Purge: Anarchy,
1916,https://en.wikipedia.org/wiki/My_Man_Is_a_Loser,My Man Is a Loser,
1934,https://en.wikipedia.org/wiki/Sin_City:_A_Dame_to_Kill_For,Sin City: A Dame to Kill For,
1937,https://en.wikipedia.org/wiki/Cake_(2014_film),Cake (2014 film),
1968,https://en.wikipedia.org/wiki/The_Czar_of_Black_Hollywood,The Czar of Black Hollywood,
1973,https://en.wikipedia.org/wiki/Pernicious,Pernicious,
1981,https://en.wikipedia.org/wiki/The_Better_Angels_(film),The Better Angels (film),
2001,https://en.wikipedia.org/wiki/Goodbye_To_All_That_(2014_film),Goodbye To All That (2014 film),
2013,https://en.wikipedia.org/wiki/Let%27s_Kill_Ward%27s_Wife,Let's Kill Ward's Wife,
2028,https://en.wikipedia.org/wiki/Black_or_White_(film),Black or White (film),
2032,https://en.wikipedia.org/wiki/3_Nights_in_the_Desert,3 Nights in the Desert,
2033,https://en.wikipedia.org/wiki/Enter_the_Dangerous_Mind,Enter the Dangerous Mind,
2052,https://en.wikipedia.org/wiki/Bad_Asses_on_the_Bayou,Bad Asses on the Bayou,
2056,https://en.wikipedia.org/wiki/Unfinished_Business_(2015_film),Unfinished Business (2015 film),
2060,https://en.wikipedia.org/wiki/Cymbeline_(film),Cymbeline (film),
2062,https://en.wikipedia.org/wiki/It_Follows,It Follows,
2076,https://en.wikipedia.org/wiki/Woman_in_Gold_(film),Woman in Gold (film),
2089,https://en.wikipedia.org/wiki/Adult_Beginners,Adult Beginners,
2090,https://en.wikipedia.org/wiki/Blackbird_(2014_film),Blackbird (2014 film),
2091,https://en.wikipedia.org/wiki/Brotherly_Love_(2015_film),Brotherly Love (2015 film),
2098,https://en.wikipedia.org/wiki/The_D_Train,The D Train,
2115,https://en.wikipedia.org/wiki/Amy_(2015_film),Amy (2015 film),
2159,https://en.wikipedia.org/wiki/The_Martian_(film),The Martian (film),
2186,https://en.wikipedia.org/wiki/The_Peanuts_Movie,The Peanuts Movie,
2200,https://en.wikipedia.org/wiki/The_Big_Short_(film),The Big Short (film),
2214,https://en.wikipedia.org/wiki/Miles_Ahead_(film),Miles Ahead (film),
2222,https://en.wikipedia.org/wiki/Barbershop:_The_Next_Cut,Barbershop: The Next Cut,
2230,https://en.wikipedia.org/wiki/Mother%27s_Day_(2016_film),Mother's Day (2016 film),
2268,https://en.wikipedia.org/wiki/Ice_Age:_Collision_Course,Ice Age: Collision Course,
2295,https://en.wikipedia.org/wiki/Hillsong:_Let_Hope_Rise,Hillsong: Let Hope Rise,
2299,https://en.wikipedia.org/wiki/Deepwater_Horizon_(film),Deepwater Horizon (film),
2341,https://en.wikipedia.org/wiki/Silence_(2016_film),Silence (2016 film),
2352,https://en.wikipedia.org/wiki/100_Streets,100 Streets,
2361,https://en.wikipedia.org/wiki/Lost_in_Florence,Lost in Florence,
2362,https://en.wikipedia.org/wiki/I_Am_Michael,I Am Michael,
2366,https://en.wikipedia.org/wiki/Youth_in_Oregon,Youth in Oregon,
2367,https://en.wikipedia.org/wiki/I_Am_Not_Your_Negro,I Am Not Your Negro,
2372,https://en.wikipedia.org/wiki/Bornless_Ones,Bornless Ones,
2376,https://en.wikipedia.org/wiki/American_Fable,American Fable,
2377,https://en.wikipedia.org/wiki/XX_(film),XX (film),
2380,https://en.wikipedia.org/wiki/Rock_Dog,Rock Dog,
2381,https://en.wikipedia.org/wiki/Collide_(2016_film),Collide (2016 film),
2384,https://en.wikipedia.org/wiki/Contemporary_Color_(film),Contemporary Color (film),
2389,https://en.wikipedia.org/wiki/The_Last_Word_(2017_film),The Last Word (2017 film),
2398,https://en.wikipedia.org/wiki/All_Nighter_(film),All Nighter (film),
2404,https://en.wikipedia.org/wiki/Car_Dogs,Car Dogs,
2408,https://en.wikipedia.org/wiki/The_Boss_Baby,The Boss Baby,
2433,https://en.wikipedia.org/wiki/3_Generations_(film),3 Generations (film),
2445,https://en.wikipedia.org/wiki/Buena_Vista_Social_Club:_Adios,Buena Vista Social Club: Adios,
2481,https://en.wikipedia.org/wiki/An_Inconvenient_Sequel:_Truth_to_Power,An Inconvenient Sequel: Truth to Power,
2487,https://en.wikipedia.org/wiki/Step_(film),Step (film),
2500,https://en.wikipedia.org/wiki/All_Saints_(film),All Saints (film),
2501,https://en.wikipedia.org/wiki/Served_Like_a_Girl,Served Like a Girl,
2503,https://en.wikipedia.org/wiki/Film_Stars_Don%27t_Die_in_Liverpool,Film Stars Don't Die in Liverpool,
2510,https://en.wikipedia.org/wiki/Gun_Shy_(2017_film),Gun Shy (2017 film),
2543,https://en.wikipedia.org/wiki/Wonderstruck_(film),Wonderstruck (film),
2558,https://en.wikipedia.org/wiki/LBJ_(2016_film),LBJ (2016 film),
2564,https://en.wikipedia.org/wiki/Cook_Off!,Cook Off!,
2587,https://en.wikipedia.org/wiki/Crooked_House_(film),Crooked House (film),
2611,https://en.wikipedia.org/wiki/Armed_(film),Armed (film),
2612,https://en.wikipedia.org/wiki/The_Cloverfield_Paradox,The Cloverfield Paradox,
2613,https://en.wikipedia.org/wiki/Bad_Apples_(film),Bad Apples (film),
2618,https://en.wikipedia.org/wiki/Permission_(film),Permission (film),
2632,https://en.wikipedia.org/wiki/The_Lodgers_(2017_film),The Lodgers (2017 film),
2637,https://en.wikipedia.org/wiki/Pickings_(film),Pickings (film),
2642,https://en.wikipedia.org/wiki/The_Leisure_Seeker,The Leisure Seeker,
2648,https://en.wikipedia.org/wiki/Entebbe_(film),Entebbe (film),
2649,https://en.wikipedia.org/wiki/Furlough_(film),Furlough (film),
2676,https://en.wikipedia.org/wiki/Super_Troopers_2,Super Troopers 2,
2691,https://en.wikipedia.org/wiki/The_Seagull_(2018_film),The Seagull (2018 film),
2697,https://en.wikipedia.org/wiki/Pope_Francis:_A_Man_of_His_Word,Pope Francis: A Man of His Word,
2700,https://en.wikipedia.org/wiki/How_to_Talk_to_Girls_at_Parties_(film),How to Talk to Girls at Parties (film),
2702,https://en.wikipedia.org/wiki/The_Misandrists,The Misandrists,
2704,https://en.wikipedia.org/wiki/Action_Point,Action Point,
2710,https://en.wikipedia.org/wiki/Won%27t_You_Be_My_Neighbor%3F_(film),Won't You Be My Neighbor? (film),
2719,https://en.wikipedia.org/wiki/Boundaries_(2018_film),Boundaries (2018 film),
2725,https://en.wikipedia.org/wiki/Woman_Walks_Ahead,Woman Walks Ahead,
2729,https://en.wikipedia.org/wiki/Whitney_(2018_film),Whitney (2018 film),
2733,"https://en.wikipedia.org/wiki/Don%27t_Worry,_He_Won%27t_Get_Far_on_Foot","Don't Worry, He Won't Get Far on Foot",
2734,https://en.wikipedia.org/wiki/Shock_and_Awe_(film),Shock and Awe (film),
2738,https://en.wikipedia.org/wiki/Unfriended:_Dark_Web,Unfriended: Dark Web,
2765,https://en.wikipedia.org/wiki/Searching_(film),Searching (film),
2772,https://en.wikipedia.org/wiki/Reprisal_(film),Reprisal (film),
2780,https://en.wikipedia.org/wiki/Unbroken:_Path_to_Redemption,Unbroken: Path to Redemption,
2783,https://en.wikipedia.org/wiki/Life_Itself_(2018_film),Life Itself (2018 film),
2788,https://en.wikipedia.org/wiki/Fahrenheit_11/9,Fahrenheit 11/9,
2789,"https://en.wikipedia.org/wiki/Love,_Gilda","Love, Gilda",
2797,https://en.wikipedia.org/wiki/The_Great_Buster:_A_Celebration,The Great Buster: A Celebration,
2804,https://en.wikipedia.org/wiki/Gosnell:_The_Trial_of_America%27s_Biggest_Serial_Killer,Gosnell: The Trial of America's Biggest Serial Killer,
2805,https://en.wikipedia.org/wiki/After_Everything,After Everything,
2815,https://en.wikipedia.org/wiki/Indivisible_(2018_film),Indivisible (2018 film),
2827,https://en.wikipedia.org/wiki/The_Ballad_of_Buster_Scruggs,The Ballad of Buster Scruggs,
2843,https://en.wikipedia.org/wiki/Mary_Queen_of_Scots_(2018_film),Mary Queen of Scots (2018 film),
2853,https://en.wikipedia.org/wiki/Second_Act_(film),Second Act (film),
2859,https://en.wikipedia.org/wiki/Black_Mirror:_Bandersnatch,Black Mirror: Bandersnatch,
2862,https://en.wikipedia.org/wiki/American_Hangman,American Hangman,
2881,https://en.wikipedia.org/wiki/High_Flying_Bird,High Flying Bird,
2889,https://en.wikipedia.org/wiki/Greta_(2018_film),Greta (2018 film),
2899,https://en.wikipedia.org/wiki/Red_11,Red 11,
2912,https://en.wikipedia.org/wiki/High_Life_(2018_film),High Life (2018 film),
2932,https://en.wikipedia.org/wiki/Body_at_Brighton_Rock,Body at Brighton Rock,
2945,https://en.wikipedia.org/wiki/A_Dog%27s_Journey_(film),A Dog's Journey (film),
2975,https://en.wikipedia.org/wiki/Killers_Anonymous,Killers Anonymous,
2986,https://en.wikipedia.org/wiki/Skin_(2018_feature_film),Skin (2018 feature film),
2991,https://en.wikipedia.org/wiki/Dora_and_the_Lost_City_of_Gold,Dora and the Lost City of Gold,
3003,https://en.wikipedia.org/wiki/Gwen_(film),Gwen (film),
3008,https://en.wikipedia.org/wiki/Jacob%27s_Ladder_(2019_film),Jacob's Ladder (2019 film),
3017,https://en.wikipedia.org/wiki/The_Obituary_of_Tunde_Johnson,The Obituary of Tunde Johnson,
3020,https://en.wikipedia.org/wiki/The_Sound_of_Silence_(2019_film),The Sound of Silence (2019 film),
3026,https://en.wikipedia.org/wiki/Bloodline_(2018_film),Bloodline (2018 film),
3027,https://en.wikipedia.org/wiki/Running_with_the_Devil,Running with the Devil,
3037,https://en.wikipedia.org/wiki/In_the_Tall_Grass_(film),In the Tall Grass (film),
3039,https://en.wikipedia.org/wiki/Wrinkles_the_Clown_(film),Wrinkles the Clown (film),
3045,https://en.wikipedia.org/wiki/Polaroid_(film),Polaroid (film),
3086,https://en.wikipedia.org/wiki/A_Million_Little_Pieces_(film),A Million Little Pieces (film),
3088,https://en.wikipedia.org/wiki/Trauma_Center_(film),Trauma Center (film),
3105,https://en.wikipedia.org/wiki/The_Grudge_(2020_film),The Grudge (2020 film),
3111,https://en.wikipedia.org/wiki/The_Murder_of_Nicole_Brown_Simpson,The Murder of Nicole Brown Simpson,
3147,https://en.wikipedia.org/wiki/The_Burnt_Orange_Heresy,The Burnt Orange Heresy,
3153,https://en.wikipedia.org/wiki/Lost_Girls_(film),Lost Girls (film),
3155,https://en.wikipedia.org/wiki/The_Roads_Not_Taken,The Roads Not Taken,
3158,https://en.wikipedia.org/wiki/Lost_Transmissions,Lost Transmissions,
3159,https://en.wikipedia.org/wiki/Impact_of_the_COVID-19_pandemic_on_cinema,Impact of the COVID-19 pandemic on cinema,
3169,https://en.wikipedia.org/wiki/Corona_Zombies,Corona Zombies,
3173,https://en.wikipedia.org/wiki/Braking_for_Whales,Braking for Whales,
3181,https://en.wikipedia.org/wiki/Capone_(2020_film),Capone (2020 film),
3185,https://en.wikipedia.org/wiki/Body_Cam_(film),Body Cam (film),
3203,https://en.wikipedia.org/wiki/Athlete_A,Athlete A,
3208,https://en.wikipedia.org/wiki/Hamilton_(2020_film),Hamilton (2020 film),
3233,https://en.wikipedia.org/wiki/Boys_State_(film),Boys State (film),
3261,https://en.wikipedia.org/wiki/I_Met_a_Girl_(film),I Met a Girl (film),
3262,https://en.wikipedia.org/wiki/Rent-A-Pal,Rent-A-Pal,
3266,https://en.wikipedia.org/wiki/Blackbird_(2019_film),Blackbird (2019 film),
3273,https://en.wikipedia.org/wiki/The_Last_Shift,The Last Shift,
3283,https://en.wikipedia.org/wiki/Death_of_Me_(film),Death of Me (film),
3284,https://en.wikipedia.org/wiki/The_Call_(2020_American_film),The Call (2020 American film),
3289,https://en.wikipedia.org/wiki/Books_of_Blood_(film),Books of Blood (film),
3293,https://en.wikipedia.org/wiki/Yellow_Rose_(2019_film),Yellow Rose (2019 film),
3305,https://en.wikipedia.org/wiki/The_Opening_Act,The Opening Act,
3321,https://en.wikipedia.org/wiki/Let_Him_Go,Let Him Go,
3343,https://en.wikipedia.org/wiki/Folklore:_The_Long_Pond_Studio_Sessions,Folklore: The Long Pond Studio Sessions,
3358,https://en.wikipedia.org/wiki/Wander_Darkly,Wander Darkly,
3361,https://en.wikipedia.org/wiki/Archenemy_(film),Archenemy (film),
3369,"https://en.wikipedia.org/wiki/Ariana_Grande:_Excuse_Me,_I_Love_You","Ariana Grande: Excuse Me, I Love You",
3388,https://en.wikipedia.org/wiki/No_Man%27s_Land_(2021_film),No Man's Land (2021 film),
3397,https://en.wikipedia.org/wiki/Falling_(2020_film),Falling (2020 film),
3399,https://en.wikipedia.org/wiki/Little_Fish_(2021_film),Little Fish (2021 film),
3410,https://en.wikipedia.org/wiki/French_Exit_(2020_film),French Exit (2020 film),
3417,https://en.wikipedia.org/wiki/Silk_Road_(film),Silk Road (film),
3420,https://en.wikipedia.org/wiki/Cherry_(2021_film),Cherry (2021 film),
3421,https://en.wikipedia.org/wiki/Crisis_(2021_film),Crisis (2021 film),
3422,https://en.wikipedia.org/wiki/Billie_Eilish:_The_World%27s_a_Little_Blurry,Billie Eilish: The World's a Little Blurry,
3430,https://en.wikipedia.org/wiki/Boogie_(2021_film),Boogie (2021 film),
3433,https://en.wikipedia.org/wiki/Cosmic_Sin,Cosmic Sin,
3435,https://en.wikipedia.org/wiki/Zack_Snyder%27s_Justice_League,Zack Snyder's Justice League,
3438,https://en.wikipedia.org/wiki/Happily_(film),Happily (film),
3441,https://en.wikipedia.org/wiki/The_Seventh_Day_(2021_film),The Seventh Day (2021 film),
3448,https://en.wikipedia.org/wiki/The_Girl_Who_Believes_in_Miracles,The Girl Who Believes in Miracles,
3449,https://en.wikipedia.org/wiki/The_Believer_(2021_film),The Believer (2021 film),
3450,https://en.wikipedia.org/wiki/Dawn_of_the_Beast,Dawn of the Beast,
3452,https://en.wikipedia.org/wiki/Thunder_Force_(film),Thunder Force (film),
3462,https://en.wikipedia.org/wiki/The_Deep_Ones,The Deep Ones,
3465,https://en.wikipedia.org/wiki/The_Virtuoso_(film),The Virtuoso (film),
3470,https://en.wikipedia.org/wiki/Monster_(2018_film),Monster (2018 film),
3471,https://en.wikipedia.org/wiki/The_Paper_Tigers,The Paper Tigers,
3486,https://en.wikipedia.org/wiki/616_Wilford_Lane,616 Wilford Lane,
3488,https://en.wikipedia.org/wiki/Blast_Beat_(film),Blast Beat (film),
3494,https://en.wikipedia.org/wiki/Gully_(film),Gully (film),
3496,https://en.wikipedia.org/wiki/Under_the_Stadium_Lights,Under the Stadium Lights,
3497,https://en.wikipedia.org/wiki/Awake_(2021_film),Awake (2021 film),
3502,https://en.wikipedia.org/wiki/The_Misfits_(2021_film),The Misfits (2021 film),
3503,https://en.wikipedia.org/wiki/12_Mighty_Orphans,12 Mighty Orphans,
3510,https://en.wikipedia.org/wiki/Rita_Moreno:_Just_a_Girl_Who_Decided_to_Go_for_It,Rita Moreno: Just a Girl Who Decided to Go for It,
3511,https://en.wikipedia.org/wiki/The_Sparks_Brothers,The Sparks Brothers,
3512,https://en.wikipedia.org/wiki/Love_Spreads_(film),Love Spreads (film),
3513,https://en.wikipedia.org/wiki/A_Crime_on_the_Bayou,A Crime on the Bayou,
3520,https://en.wikipedia.org/wiki/I_Carry_You_with_Me,I Carry You with Me,
3521,https://en.wikipedia.org/wiki/Mary_J._Blige%27s_My_Life,Mary J. Blige's My Life,
3522,https://en.wikipedia.org/wiki/Fathom_(2021_film),Fathom (2021 film),
3530,https://en.wikipedia.org/wiki/Summer_of_Soul,Summer of Soul,
3532,https://en.wikipedia.org/wiki/Let_Us_In,Let Us In,
3535,https://en.wikipedia.org/wiki/Summertime_(2020_film),Summertime (2020 film),
3539,https://en.wikipedia.org/wiki/Fear_Street_Part_Three:_1666,Fear Street Part Three: 1666,
3543,https://en.wikipedia.org/wiki/Roadrunner:_A_Film_About_Anthony_Bourdain,Roadrunner: A Film About Anthony Bourdain,
3544,https://en.wikipedia.org/wiki/How_It_Ends_(2021_film),How It Ends (2021 film),
3550,https://en.wikipedia.org/wiki/Midnight_in_the_Switchgrass,Midnight in the Switchgrass,
3551,https://en.wikipedia.org/wiki/Broken_Diamonds,Broken Diamonds,
3552,https://en.wikipedia.org/wiki/Val_(film),Val (film),
3553,https://en.wikipedia.org/wiki/Ailey_(film),Ailey (film),
3561,https://en.wikipedia.org/wiki/Lorelei_(film),Lorelei (film),
3562,https://en.wikipedia.org/wiki/Enemies_of_the_State,Enemies of the State,
3566,https://en.wikipedia.org/wiki/Playing_God_(2021_film),Playing God (2021 film),
3569,https://en.wikipedia.org/wiki/Homeroom_(2021_film),Homeroom (2021 film),
3575,https://en.wikipedia.org/wiki/Not_Going_Quietly,Not Going Quietly,
3577,https://en.wikipedia.org/wiki/Reminiscence_(2021_film),Reminiscence (2021 film),
3582,https://en.wikipedia.org/wiki/Flag_Day_(film),Flag Day (film),
3584,https://en.wikipedia.org/wiki/Habit_(2021_film),Habit (2021 film),
3599,https://en.wikipedia.org/wiki/We_Need_to_Do_Something,We Need to Do Something,
3601,https://en.wikipedia.org/wiki/Everybody%27s_Talking_About_Jamie_(film),Everybody's Talking About Jamie (film),
3605,https://en.wikipedia.org/wiki/Come_from_Away_(film),Come from Away (film),
3610,https://en.wikipedia.org/wiki/Dating_and_New_York,Dating and New York,
3611,https://en.wikipedia.org/wiki/Bad_Candy,Bad Candy,
3618,https://en.wikipedia.org/wiki/Blue_Bayou_(film),Blue Bayou (film),
3623,https://en.wikipedia.org/wiki/My_Name_is_Pauli_Murray,My Name is Pauli Murray,
3624,https://en.wikipedia.org/wiki/The_Killing_of_Kenneth_Chamberlain,The Killing of Kenneth Chamberlain,
3629,https://en.wikipedia.org/wiki/Birds_of_Paradise_(2021_film),Birds of Paradise (2021 film),
3637,https://en.wikipedia.org/wiki/The_Jesus_Music,The Jesus Music,
3638,https://en.wikipedia.org/wiki/Mayday_(2021_film),Mayday (2021 film),
3646,https://en.wikipedia.org/wiki/Justin_Bieber:_Our_World,Justin Bieber: Our World,
3651,https://en.wikipedia.org/wiki/Hard_Luck_Love_Song,Hard Luck Love Song,
3652,"https://en.wikipedia.org/wiki/Introducing,_Selma_Blair","Introducing, Selma Blair",
3653,https://en.wikipedia.org/wiki/The_Velvet_Underground_(film),The Velvet Underground (film),
3660,https://en.wikipedia.org/wiki/Warning_(2021_film),Warning (2021 film),
3670,https://en.wikipedia.org/wiki/Heart_of_Champions,Heart of Champions,
3684,https://en.wikipedia.org/wiki/The_Princess_Switch_3:_Romancing_the_Star,The Princess Switch 3: Romancing the Star,
3691,https://en.wikipedia.org/wiki/Friend_of_the_World,Friend of the World,
3705,https://en.wikipedia.org/wiki/Deadlock_(2021_film),Deadlock (2021 film),
3726,https://en.wikipedia.org/wiki/American_Underdog_(film),American Underdog (film),
3731,https://en.wikipedia.org/wiki/American_Siege,American Siege,
3734,https://en.wikipedia.org/wiki/Shattered_(2022_film),Shattered (2022 film),
3739,https://en.wikipedia.org/wiki/Hellblazers,Hellblazers,
3747,https://en.wikipedia.org/wiki/Last_Looks,Last Looks,
3751,https://en.wikipedia.org/wiki/Death_on_the_Nile_(2022_film),Death on the Nile (2022 film),
3756,https://en.wikipedia.org/wiki/The_Sky_Is_Everywhere_(film),The Sky Is Everywhere (film),
3763,https://en.wikipedia.org/wiki/A_Fairy_Tale_After_All,A Fairy Tale After All,
3772,https://en.wikipedia.org/wiki/A_Day_to_Die,A Day to Die,
3775,https://en.wikipedia.org/wiki/Tyson%27s_Run,Tyson's Run,
3779,https://en.wikipedia.org/wiki/Cheaper_by_the_Dozen_(2022_film),Cheaper by the Dozen (2022 film),
3785,https://en.wikipedia.org/wiki/Measure_of_Revenge,Measure of Revenge,
3804,https://en.wikipedia.org/wiki/Titanic_666,Titanic 666,
3809,https://en.wikipedia.org/wiki/The_Survivor_(2021_film),The Survivor (2021 film),
3812,https://en.wikipedia.org/wiki/Fortress:_Sniper%27s_Eye,Fortress: Sniper's Eye,
3823,https://en.wikipedia.org/wiki/Private_Property_(2022_film),Private Property (2022 film),
3834,https://en.wikipedia.org/wiki/Zero_Contact,Zero Contact,
3839,https://en.wikipedia.org/wiki/Benediction_(film),Benediction (film),
3843,https://en.wikipedia.org/wiki/Dashcam_(horror_film),Dashcam (horror film),
3844,https://en.wikipedia.org/wiki/White_Elephant_(2022_film),White Elephant (2022 film),
3847,https://en.wikipedia.org/wiki/Jennifer_Lopez:_Halftime,Jennifer Lopez: Halftime,
3849,https://en.wikipedia.org/wiki/Lightyear_(film),Lightyear (film),
3863,https://en.wikipedia.org/wiki/Beauty_(2022_film),Beauty (2022 film),
3868,https://en.wikipedia.org/wiki/Hot_Seat_(film),Hot Seat (film),
3875,https://en.wikipedia.org/wiki/Persuasion_(2022_film),Persuasion (2022 film),
3878,https://en.wikipedia.org/wiki/Wrong_Place,Wrong Place,
3881,https://en.wikipedia.org/wiki/Nope_(film),Nope (film),
3883,https://en.wikipedia.org/wiki/Alone_Together_(2022_film),Alone Together (2022 film),
3887,https://en.wikipedia.org/wiki/Sharp_Stick,Sharp Stick,
3893,https://en.wikipedia.org/wiki/Allegoria,Allegoria,
3903,https://en.wikipedia.org/wiki/Mack_%26_Rita,Mack & Rita,
3906,https://en.wikipedia.org/wiki/Summering,Summering,
3909,https://en.wikipedia.org/wiki/Spin_Me_Round_(film),Spin Me Round (film),
3910,https://en.wikipedia.org/wiki/Delia%27s_Gone_(film),Delia's Gone (film),
3919,https://en.wikipedia.org/wiki/Wire_Room,Wire Room,
3920,https://en.wikipedia.org/wiki/One_Way_(2022_film),One Way (2022 film),
3934,https://en.wikipedia.org/wiki/Moonage_Daydream_(film),Moonage Daydream (film),
3937,https://en.wikipedia.org/wiki/Running_the_Bases,Running the Bases,
3939,https://en.wikipedia.org/wiki/Don%27t_Worry_Darling,Don't Worry Darling,
3943,https://en.wikipedia.org/wiki/On_the_Come_Up_(film),On the Come Up (film),
3967,https://en.wikipedia.org/wiki/The_Curse_of_Bridge_Hollow,The Curse of Bridge Hollow,
3968,https://en.wikipedia.org/wiki/Bitch_Ass,Bitch Ass,
3981,https://en.wikipedia.org/wiki/Call_Jane,Call Jane,
3984,https://en.wikipedia.org/wiki/Run_Sweetheart_Run,Run Sweetheart Run,
3990,https://en.wikipedia.org/wiki/The_Estate_(2022_film),The Estate (2022 film),
3995,https://en.wikipedia.org/wiki/Good_Night_Oppy,Good Night Oppy,
3996,https://en.wikipedia.org/wiki/Guillermo_del_Toro%27s_Pinocchio,Guillermo del Toro's Pinocchio,
4001,https://en.wikipedia.org/wiki/Is_That_Black_Enough_for_You%3F!%3F,Is That Black Enough for You?!?,
4010,https://en.wikipedia.org/wiki/The_Inspection,The Inspection,
4016,https://en.wikipedia.org/wiki/Glass_Onion:_A_Knives_Out_Mystery,Glass Onion: A Knives Out Mystery,
4022,https://en.wikipedia.org/wiki/Emancipation_(2022_film),Emancipation (2022 film),
4033,https://en.wikipedia.org/wiki/Detective_Knight:_Redemption,Detective Knight: Redemption,
